run_label,timestamp_utc,stage,status,size_MB,input_bytes,source_repeats,epoch,repeat,runtime_s,energy_kWh,cpu_kWh,gpu_kWh,ram_kWh,cpu_power_W,gpu_power_W,ram_power_W,emissions_kgCO2eq,energy_kWh_per_GB,emissions_kgCO2eq_per_GB,MB_per_s,train_bpp,val_bpp,val_ratio_est,cum_train_energy_kWh,cum_train_emissions_kgCO2eq,compressed_bytes,compression_ratio,bits_per_byte,roundtrip_ok,total_epochs,seq_len,batch_size,lr,chunk_bytes,gpu_streams,backbone,d_model,num_layers,precision,codec_device,codec_gpus,worker_max_s,cpu_model,cpu_count,gpu_model,gpu_count,ram_total_size,os,python_version,codecarbon_version,tracking_mode,country_name,country_iso_code,region,cloud_provider,cloud_region,on_cloud,torch_version,cuda_version,device,gpu_name
v100x4,2026-09-09T07:50:46+00:00,idle,ok,0.0,0,,,,30.000757983885705,0.0026426895353666,0.0008548560490262,0.0014385728175625,0.0003492606687778,102.40000011891615,173.39658885304314,42.0,0.0006278739640182,,,,,,,0.0,0.0,,,,,3,10000,5,0.0005,2048,5000,mambav1,64,2,fp32,cuda,4,,"POWER9, altivec supported",128,4 x Tesla V100-SXM2-32GB,4,519.488,Linux-4.18.0-553.143.1.el8_10.ppc64le-ppc64le-with-glibc2.28,3.11.8,3.3.0,machine,United Kingdom,GBR,,,,N,2.1.2,12.2,cuda,Tesla V100-SXM2-32GB
v100x4,2026-09-09T07:51:38+00:00,compression,ok,10.0,10000000,0.2003205128205128,3.0,1.0,5.662762999534607,0.0006456208909175,0.0001623167232943,0.0004174845006446,6.581966697859268e-05,102.42277313097144,262.57251889807014,42.0,0.0001533924218521,0.06456208909175,0.0153392421852198,1.76592239527274,,,,0.0017000394498585,0.0004039106728524,3172497.0,3.1520912391721727,2.5379976,True,3,10000,5,0.0005,2048,5000,mambav1,64,2,fp32,cuda,4,5.658,"POWER9, altivec supported",128,4 x Tesla V100-SXM2-32GB,4,519.488,Linux-4.18.0-553.143.1.el8_10.ppc64le-ppc64le-with-glibc2.28,3.11.8,3.3.0,machine,United Kingdom,GBR,,,,N,2.1.2,12.2,cuda,Tesla V100-SXM2-32GB
v100x4,2026-09-09T07:51:38+00:00,decompression,ok,10.0,10000000,0.2003205128205128,3.0,1.0,5.4401366552338,0.0006220045925931,0.000155531342675,0.000403215600329,6.325764958901952e-05,102.4225478656,269.4235836702211,42.0,0.0001477814491496,0.0622004592593175,0.014778144914962,1.838189117984616,,,,0.0017000394498585,0.0004039106728524,3172497.0,3.1520912391721727,2.5379976,True,3,10000,5,0.0005,2048,5000,mambav1,64,2,fp32,cuda,4,5.439,"POWER9, altivec supported",128,4 x Tesla V100-SXM2-32GB,4,519.488,Linux-4.18.0-553.143.1.el8_10.ppc64le-ppc64le-with-glibc2.28,3.11.8,3.3.0,machine,United Kingdom,GBR,,,,N,2.1.2,12.2,cuda,Tesla V100-SXM2-32GB
v100x4,2026-09-09T07:50:52+00:00,training_epoch,ok,10.0,10000000,0.2003205128205128,1.0,,5.251156618818641,0.0006166586366231,0.0001505946434361,0.0004050006018303,6.106339135672897e-05,102.40023790445716,268.454663020202,42.0,0.0001465113088166,0.0616658636623181,0.0146511308816665,1.9043423622450844,3.603336256190849,2.957095169565725,2.705357636891636,0.0006166586366231,0.0001465113088166,,,,,3,10000,5,0.0005,2048,5000,mambav1,64,2,fp32,cuda,4,,"POWER9, altivec supported",128,4 x Tesla V100-SXM2-32GB,4,519.488,Linux-4.18.0-553.143.1.el8_10.ppc64le-ppc64le-with-glibc2.28,3.11.8,3.3.0,machine,United Kingdom,GBR,,,,N,2.1.2,12.2,cuda,Tesla V100-SXM2-32GB
v100x4,2026-09-09T07:50:56+00:00,training_epoch,ok,10.0,10000000,0.2003205128205128,2.0,,4.343384533189237,0.000540537914936,0.0001245759398271,0.0003654455701678,5.051640494105717e-05,102.40044590080002,286.78770451896395,42.0,0.0001284258626717,0.054053791493602,0.0128425862671734,2.302351984630118,2.8015827737038537,2.686111238879957,2.978283208902325,0.0011571965515592,0.0002749371714883,,,,,3,10000,5,0.0005,2048,5000,mambav1,64,2,fp32,cuda,4,,"POWER9, altivec supported",128,4 x Tesla V100-SXM2-32GB,4,519.488,Linux-4.18.0-553.143.1.el8_10.ppc64le-ppc64le-with-glibc2.28,3.11.8,3.3.0,machine,United Kingdom,GBR,,,,N,2.1.2,12.2,cuda,Tesla V100-SXM2-32GB
v100x4,2026-09-09T07:51:01+00:00,training_epoch,ok,10.0,10000000,0.2003205128205128,3.0,,4.342954056337476,0.0005428428982993,0.0001247031086426,0.0003676161274341,5.052366222254932e-05,102.4004718592,287.31661459700774,42.0,0.000128973501364,0.0542842898299339,0.0128973501364041,2.3025801954794924,2.5990492967244263,2.5120672211621726,3.184628155093283,0.0017000394498585,0.0004039106728524,,,,,3,10000,5,0.0005,2048,5000,mambav1,64,2,fp32,cuda,4,,"POWER9, altivec supported",128,4 x Tesla V100-SXM2-32GB,4,519.488,Linux-4.18.0-553.143.1.el8_10.ppc64le-ppc64le-with-glibc2.28,3.11.8,3.3.0,machine,United Kingdom,GBR,,,,N,2.1.2,12.2,cuda,Tesla V100-SXM2-32GB
v100x4,2026-09-09T07:52:46+00:00,compression,ok,25.0,25000000,0.500801282051282,3.0,1.0,5.348985504359007,0.0007950235353444,0.0001529470279229,0.00057987740837,6.219909905145566e-05,102.42647230171433,374.1098214564028,42.0,0.0001888888467389,0.031800941413777,0.0075555538695578,4.6737834641030425,,,,0.0042025247643033,0.000998473656226,7215335.0,3.464842588736351,2.3089072,True,3,10000,5,0.0005,2048,5000,mambav1,64,2,fp32,cuda,4,5.339,"POWER9, altivec supported",128,4 x Tesla V100-SXM2-32GB,4,519.488,Linux-4.18.0-553.143.1.el8_10.ppc64le-ppc64le-with-glibc2.28,3.11.8,3.3.0,machine,United Kingdom,GBR,,,,N,2.1.2,12.2,cuda,Tesla V100-SXM2-32GB
v100x4,2026-09-09T07:52:46+00:00,decompression,ok,25.0,25000000,0.500801282051282,3.0,1.0,5.71431312058121,0.0008696996718258,0.0001633957178024,0.0006398546785533,6.644927547002833e-05,102.4225723538286,392.3725380104032,42.0,0.0002066310753294,0.0347879868730326,0.0082652430131769,4.374979017155647,,,,0.0042025247643033,0.000998473656226,7215335.0,3.464842588736351,2.3089072,True,3,10000,5,0.0005,2048,5000,mambav1,64,2,fp32,cuda,4,5.713,"POWER9, altivec supported",128,4 x Tesla V100-SXM2-32GB,4,519.488,Linux-4.18.0-553.143.1.el8_10.ppc64le-ppc64le-with-glibc2.28,3.11.8,3.3.0,machine,United Kingdom,GBR,,,,N,2.1.2,12.2,cuda,Tesla V100-SXM2-32GB
v100x4,2026-09-09T07:51:50+00:00,training_epoch,ok,25.0,25000000,0.500801282051282,1.0,,11.203180840238929,0.0014106683378984,0.0003197190241881,0.0009609321576107,0.0001300171560995,102.40043187593848,304.6568323259538,42.0,0.0003351592797329,0.0564267335159369,0.0134063711893179,2.2315091005410235,3.096259791311123,2.6097060372267302,3.065479362764321,0.0014106683378984,0.0003351592797329,,,,,3,10000,5,0.0005,2048,5000,mambav1,64,2,fp32,cuda,4,,"POWER9, altivec supported",128,4 x Tesla V100-SXM2-32GB,4,519.488,Linux-4.18.0-553.143.1.el8_10.ppc64le-ppc64le-with-glibc2.28,3.11.8,3.3.0,machine,United Kingdom,GBR,,,,N,2.1.2,12.2,cuda,Tesla V100-SXM2-32GB
v100x4,2026-09-09T07:52:02+00:00,training_epoch,ok,25.0,25000000,0.500801282051282,2.0,,11.179768903180957,0.001393803374295,0.0003192497727081,0.0009446582557046,0.0001298953458822,102.4004718592,298.4972235247671,42.0,0.0003311523498953,0.0557521349718019,0.0132460939958154,2.2361821801957644,2.442808801561212,2.3360886909926872,3.424527515092124,0.0028044717121934,0.0006663116296283,,,,,3,10000,5,0.0005,2048,5000,mambav1,64,2,fp32,cuda,4,,"POWER9, altivec supported",128,4 x Tesla V100-SXM2-32GB,4,519.488,Linux-4.18.0-553.143.1.el8_10.ppc64le-ppc64le-with-glibc2.28,3.11.8,3.3.0,machine,United Kingdom,GBR,,,,N,2.1.2,12.2,cuda,Tesla V100-SXM2-32GB
v100x4,2026-09-09T07:52:13+00:00,training_epoch,ok,25.0,25000000,0.500801282051282,3.0,,11.181168356910348,0.0013980530521098,0.0003191442140671,0.000948943259118,0.0001299655789245,102.40042691347692,299.4633416908969,42.0,0.0003321620265977,0.0559221220843939,0.013286481063909,2.235902295894609,2.314325612512237,2.278374675623953,3.511274982816041,0.0042025247643033,0.000998473656226,,,,,3,10000,5,0.0005,2048,5000,mambav1,64,2,fp32,cuda,4,,"POWER9, altivec supported",128,4 x Tesla V100-SXM2-32GB,4,519.488,Linux-4.18.0-553.143.1.el8_10.ppc64le-ppc64le-with-glibc2.28,3.11.8,3.3.0,machine,United Kingdom,GBR,,,,N,2.1.2,12.2,cuda,Tesla V100-SXM2-32GB
v100x4,2026-09-09T07:54:35+00:00,compression,ok,50.0,50000000,1.001602564102564,3.0,1.0,10.523929827846588,0.0015914621895684,0.0003002097426115,0.0011689539907422,0.0001222984562146,102.42691002880002,387.2206302017712,42.0,0.0003781139101573,0.0318292437913695,0.0075622782031477,4.751076909283329,,,,0.0082703875401139,0.0019649531052681,13964100.0,3.580610279215989,2.234256,True,3,10000,5,0.0005,2048,5000,mambav1,64,2,fp32,cuda,4,10.521,"POWER9, altivec supported",128,4 x Tesla V100-SXM2-32GB,4,519.488,Linux-4.18.0-553.143.1.el8_10.ppc64le-ppc64le-with-glibc2.28,3.11.8,3.3.0,machine,United Kingdom,GBR,,,,N,2.1.2,12.2,cuda,Tesla V100-SXM2-32GB
v100x4,2026-09-09T07:54:35+00:00,decompression,ok,50.0,50000000,1.001602564102564,3.0,1.0,11.191599014215171,0.0017170587941217,0.0003192023549429,0.0012678235142544,0.0001300329249243,102.42572462080004,393.8726539415324,42.0,0.0004079542818365,0.0343411758824353,0.0081590856367319,4.467636835137837,,,,0.0082703875401139,0.0019649531052681,13964100.0,3.580610279215989,2.234256,True,3,10000,5,0.0005,2048,5000,mambav1,64,2,fp32,cuda,4,11.19,"POWER9, altivec supported",128,4 x Tesla V100-SXM2-32GB,4,519.488,Linux-4.18.0-553.143.1.el8_10.ppc64le-ppc64le-with-glibc2.28,3.11.8,3.3.0,machine,United Kingdom,GBR,,,,N,2.1.2,12.2,cuda,Tesla V100-SXM2-32GB
v100x4,2026-09-09T07:53:08+00:00,training_epoch,ok,50.0,50000000,1.001602564102564,1.0,,21.71754000335932,0.0027650643414675,0.0006188368757097,0.0018938370706109,0.0002523903951467,102.40057407666087,311.5968030371975,42.0,0.0006569488718249,0.0553012868293507,0.0131389774364986,2.30228653854285,2.767334976707497,2.347131705603721,3.408415463393124,0.0027650643414675,0.0006569488718249,,,,,3,10000,5,0.0005,2048,5000,mambav1,64,2,fp32,cuda,4,,"POWER9, altivec supported",128,4 x Tesla V100-SXM2-32GB,4,519.488,Linux-4.18.0-553.143.1.el8_10.ppc64le-ppc64le-with-glibc2.28,3.11.8,3.3.0,machine,United Kingdom,GBR,,,,N,2.1.2,12.2,cuda,Tesla V100-SXM2-32GB
v100x4,2026-09-09T07:53:30+00:00,training_epoch,ok,50.0,50000000,1.001602564102564,2.0,,21.706991436891258,0.0027471157609949,0.0006181349855415,0.0018767395568914,0.0002522412185619,102.40044645509568,308.92661328517084,42.0,0.000652684486539,0.0549423152198995,0.0130536897307807,2.3034053404114068,2.287102554594508,2.2477818513439938,3.5590642371352184,0.0055121801024625,0.0013096333583639,,,,,3,10000,5,0.0005,2048,5000,mambav1,64,2,fp32,cuda,4,,"POWER9, altivec supported",128,4 x Tesla V100-SXM2-32GB,4,519.488,Linux-4.18.0-553.143.1.el8_10.ppc64le-ppc64le-with-glibc2.28,3.11.8,3.3.0,machine,United Kingdom,GBR,,,,N,2.1.2,12.2,cuda,Tesla V100-SXM2-32GB
v100x4,2026-09-09T07:53:52+00:00,training_epoch,ok,50.0,50000000,1.001602564102564,3.0,,21.70772415213287,0.0027582074376514,0.0006185738142308,0.0018873928988227,0.0002522407245977,102.40045831568696,309.7890752748957,42.0,0.0006553197469041,0.0551641487530282,0.0131063949380832,2.3033275920399654,2.227871872167978,2.2091547199428576,3.6212945737937856,0.0082703875401139,0.0019649531052681,,,,,3,10000,5,0.0005,2048,5000,mambav1,64,2,fp32,cuda,4,,"POWER9, altivec supported",128,4 x Tesla V100-SXM2-32GB,4,519.488,Linux-4.18.0-553.143.1.el8_10.ppc64le-ppc64le-with-glibc2.28,3.11.8,3.3.0,machine,United Kingdom,GBR,,,,N,2.1.2,12.2,cuda,Tesla V100-SXM2-32GB
v100x4,2026-09-09T12:33:59+00:00,compression,ok,100.0,100000000,2.003205128205128,3.0,1.0,16.319057422690094,0.002662131891821,0.0004652749388668,0.0020073913281493,0.0001894656248049,102.4276412416,428.571613670558,42.0,0.0006324932540458,0.0266213189182106,0.0063249325404587,6.12780489766275,,,,0.0166713925927107,0.0039609394947095,27098190.0,3.6902833731699434,2.1678552,True,3,10000,5,0.0005,2048,5000,mambav1,64,2,fp32,cuda,4,16.317,"POWER9, altivec supported",128,4 x Tesla V100-SXM2-32GB,4,519.488,Linux-4.18.0-553.143.1.el8_10.ppc64le-ppc64le-with-glibc2.28,3.11.8,3.3.0,machine,United Kingdom,GBR,,,,N,2.1.2,12.2,cuda,Tesla V100-SXM2-32GB
v100x4,2026-09-09T12:33:59+00:00,decompression,ok,100.0,100000000,2.003205128205128,3.0,1.0,17.09730126336217,0.0028087472095914,0.0004876444420697,0.0021225239202351,0.0001985788472866,102.42547826256845,430.8761237168232,42.0,0.0006673274407796,0.0280874720959147,0.0066732744077962,5.848876291037238,,,,0.0166713925927107,0.0039609394947095,27098190.0,3.6902833731699434,2.1678552,True,3,10000,5,0.0005,2048,5000,mambav1,64,2,fp32,cuda,4,17.096,"POWER9, altivec supported",128,4 x Tesla V100-SXM2-32GB,4,519.488,Linux-4.18.0-553.143.1.el8_10.ppc64le-ppc64le-with-glibc2.28,3.11.8,3.3.0,machine,United Kingdom,GBR,,,,N,2.1.2,12.2,cuda,Tesla V100-SXM2-32GB
v100x4,2026-09-09T12:31:32+00:00,training_epoch,ok,100.0,100000000,2.003205128205128,1.0,,44.609040883369744,0.0055382768423829,0.0012702081884549,0.003749283832775,0.0005187848211529,102.40045412841737,301.2969373286868,42.0,0.0013158336567049,0.0553827684238297,0.0131583365670492,2.2416980508827757,2.528200156163525,2.2443309248639736,3.564536722892089,0.0055382768423829,0.0013158336567049,,,,,3,10000,5,0.0005,2048,5000,mambav1,64,2,fp32,cuda,4,,"POWER9, altivec supported",128,4 x Tesla V100-SXM2-32GB,4,519.488,Linux-4.18.0-553.143.1.el8_10.ppc64le-ppc64le-with-glibc2.28,3.11.8,3.3.0,machine,United Kingdom,GBR,,,,N,2.1.2,12.2,cuda,Tesla V100-SXM2-32GB
v100x4,2026-09-09T12:32:16+00:00,training_epoch,ok,100.0,100000000,2.003205128205128,2.0,,43.92897776700556,0.0055498028837109,0.0012503824168418,0.0037890513645351,0.0005103691023339,102.40044537855998,309.28226758087243,42.0,0.001318572117338,0.0554980288371097,0.01318572117338,2.276401707555977,2.2062806022059567,2.172917640039895,3.681685790839785,0.0110880797260939,0.0026344057740429,,,,,3,10000,5,0.0005,2048,5000,mambav1,64,2,fp32,cuda,4,,"POWER9, altivec supported",128,4 x Tesla V100-SXM2-32GB,4,519.488,Linux-4.18.0-553.143.1.el8_10.ppc64le-ppc64le-with-glibc2.28,3.11.8,3.3.0,machine,United Kingdom,GBR,,,,N,2.1.2,12.2,cuda,Tesla V100-SXM2-32GB
v100x4,2026-09-09T12:33:00+00:00,training_epoch,ok,100.0,100000000,2.003205128205128,3.0,,43.93396299891174,0.0055833128666168,0.001250216082032,0.0038226555581672,0.0005104412264175,102.40046579711996,312.696424014452,42.0,0.0013265337206666,0.0558331286661681,0.0132653372066662,2.276143401916122,2.1615562898416805,2.138652796983098,3.7406726380669366,0.0166713925927107,0.0039609394947095,,,,,3,10000,5,0.0005,2048,5000,mambav1,64,2,fp32,cuda,4,,"POWER9, altivec supported",128,4 x Tesla V100-SXM2-32GB,4,519.488,Linux-4.18.0-553.143.1.el8_10.ppc64le-ppc64le-with-glibc2.28,3.11.8,3.3.0,machine,United Kingdom,GBR,,,,N,2.1.2,12.2,cuda,Tesla V100-SXM2-32GB
v100x4,2026-09-09T07:58:00+00:00,compression,ok,250.0,250000000,5.00801282051282,3.0,1.0,36.88352007046342,0.0063724804084945,0.0010501614276883,0.004893793915059,0.000428525065747,102.42840531267365,472.90019272599534,42.0,0.0015140312477738,0.0254899216339781,0.0060561249910952,6.778094919421798,,,,0.0430864665858373,0.0102368705096625,65714029.0,3.804362687912501,2.102848928,True,3,10000,5,0.0005,2048,5000,mambav1,64,2,fp32,cuda,4,36.879,"POWER9, altivec supported",128,4 x Tesla V100-SXM2-32GB,4,519.488,Linux-4.18.0-553.143.1.el8_10.ppc64le-ppc64le-with-glibc2.28,3.11.8,3.3.0,machine,United Kingdom,GBR,,,,N,2.1.2,12.2,cuda,Tesla V100-SXM2-32GB
v100x4,2026-09-09T07:58:00+00:00,decompression,ok,250.0,250000000,5.00801282051282,3.0,1.0,39.75713737308979,0.0068065973348551,0.0011320043680529,0.0052126502812654,0.0004619426855367,102.4278947190634,467.8396322470927,42.0,0.0016171726541908,0.0272263893394205,0.0064686906167635,6.288179092321074,,,,0.0430864665858373,0.0102368705096625,65714029.0,3.804362687912501,2.102848928,True,3,10000,5,0.0005,2048,5000,mambav1,64,2,fp32,cuda,4,39.756,"POWER9, altivec supported",128,4 x Tesla V100-SXM2-32GB,4,519.488,Linux-4.18.0-553.143.1.el8_10.ppc64le-ppc64le-with-glibc2.28,3.11.8,3.3.0,machine,United Kingdom,GBR,,,,N,2.1.2,12.2,cuda,Tesla V100-SXM2-32GB
v100x4,2026-09-09T07:52:39+00:00,training_epoch,ok,250.0,250000000,5.00801282051282,1.0,,109.80126486066727,0.0144385774069985,0.0031241275528767,0.0100395460871851,0.0012749037669366,102.40054238235682,329.6305249490952,42.0,0.0034304471675513,0.0577543096279942,0.0137217886702055,2.276840802492015,2.330420442500018,2.1520109044539266,3.7174532821570447,0.0144385774069985,0.0034304471675513,,,,,3,10000,5,0.0005,2048,5000,mambav1,64,2,fp32,cuda,4,,"POWER9, altivec supported",128,4 x Tesla V100-SXM2-32GB,4,519.488,Linux-4.18.0-553.143.1.el8_10.ppc64le-ppc64le-with-glibc2.28,3.11.8,3.3.0,machine,United Kingdom,GBR,,,,N,2.1.2,12.2,cuda,Tesla V100-SXM2-32GB
v100x4,2026-09-09T07:54:29+00:00,training_epoch,ok,250.0,250000000,5.00801282051282,2.0,,109.82258965820074,0.014327797182598,0.0031242795513295,0.0099292709989669,0.0012742466323015,102.40057944562167,326.59147061416627,42.0,0.0034041270048162,0.0573111887303921,0.0136165080192651,2.276398697008251,2.1283806900470177,2.110620476206583,3.790354585386377,0.0287663745895966,0.0068345741723676,,,,,3,10000,5,0.0005,2048,5000,mambav1,64,2,fp32,cuda,4,,"POWER9, altivec supported",128,4 x Tesla V100-SXM2-32GB,4,519.488,Linux-4.18.0-553.143.1.el8_10.ppc64le-ppc64le-with-glibc2.28,3.11.8,3.3.0,machine,United Kingdom,GBR,,,,N,2.1.2,12.2,cuda,Tesla V100-SXM2-32GB
v100x4,2026-09-09T07:56:19+00:00,training_epoch,ok,250.0,250000000,5.00801282051282,3.0,,109.86481273546816,0.0143200919962407,0.0031256471988428,0.0099192040464828,0.001275240750915,102.40055813258382,325.785868456308,42.0,0.0034022963372948,0.0572803679849629,0.0136091853491793,2.275523834932924,2.0961792947062867,2.073605063019743,3.858015271408426,0.0430864665858373,0.0102368705096625,,,,,3,10000,5,0.0005,2048,5000,mambav1,64,2,fp32,cuda,4,,"POWER9, altivec supported",128,4 x Tesla V100-SXM2-32GB,4,519.488,Linux-4.18.0-553.143.1.el8_10.ppc64le-ppc64le-with-glibc2.28,3.11.8,3.3.0,machine,United Kingdom,GBR,,,,N,2.1.2,12.2,cuda,Tesla V100-SXM2-32GB
v100x4,2026-09-09T08:11:30+00:00,compression,ok,500.0,500000000,10.01602564102564,3.0,1.0,67.90744466427714,0.0121022619632995,0.0019323929501083,0.0093808991713899,0.0007889698418012,102.42891640208695,495.363776155057,42.0,0.0028753643175983,0.024204523926599,0.0057507286351967,7.362962963367493,,,,0.0855667734662239,0.0203297241410666,124995183.0,4.000154149940322,1.999922928,True,3,10000,5,0.0005,2048,5000,mambav1,64,2,fp32,cuda,4,67.892,"POWER9, altivec supported",128,4 x Tesla V100-SXM2-32GB,4,519.488,Linux-4.18.0-553.143.1.el8_10.ppc64le-ppc64le-with-glibc2.28,3.11.8,3.3.0,machine,United Kingdom,GBR,,,,N,2.1.2,12.2,cuda,Tesla V100-SXM2-32GB
v100x4,2026-09-09T08:11:30+00:00,decompression,ok,500.0,500000000,10.01602564102564,3.0,1.0,73.80564275663346,0.0128928308242164,0.0021002435138432,0.0099352212814949,0.0008573660288782,102.428785967104,482.36964679832977,42.0,0.0030631947826947,0.0257856616484328,0.0061263895653895,6.774549767809742,,,,0.0855667734662239,0.0203297241410666,124995183.0,4.000154149940322,1.999922928,True,3,10000,5,0.0005,2048,5000,mambav1,64,2,fp32,cuda,4,73.805,"POWER9, altivec supported",128,4 x Tesla V100-SXM2-32GB,4,519.488,Linux-4.18.0-553.143.1.el8_10.ppc64le-ppc64le-with-glibc2.28,3.11.8,3.3.0,machine,United Kingdom,GBR,,,,N,2.1.2,12.2,cuda,Tesla V100-SXM2-32GB
v100x4,2026-09-09T08:01:20+00:00,training_epoch,ok,500.0,500000000,10.01602564102564,1.0,,222.40733671095225,0.0282290102195786,0.0063262419284593,0.0193184057325055,0.0025843625586138,102.40046463862882,313.524594758571,42.0,0.0067069023090594,0.0564580204391573,0.0134138046181189,2.248127275809324,2.234967291601565,2.107961976988678,3.795134868337793,0.0282290102195786,0.0067069023090594,,,,,3,10000,5,0.0005,2048,5000,mambav1,64,2,fp32,cuda,4,,"POWER9, altivec supported",128,4 x Tesla V100-SXM2-32GB,4,519.488,Linux-4.18.0-553.143.1.el8_10.ppc64le-ppc64le-with-glibc2.28,3.11.8,3.3.0,machine,United Kingdom,GBR,,,,N,2.1.2,12.2,cuda,Tesla V100-SXM2-32GB
v100x4,2026-09-09T08:05:03+00:00,training_epoch,ok,500.0,500000000,10.01602564102564,2.0,,222.2967605246231,0.0286496548010116,0.0063223253373267,0.0197453316295792,0.0025819978341056,102.40045596883252,320.83985206254704,42.0,0.0068068428345175,0.0572993096020232,0.0136136856690351,2.24924555274667,2.088752693140444,2.0415646005735435,3.9185632420118046,0.0568786650205903,0.013513745143577,,,,,3,10000,5,0.0005,2048,5000,mambav1,64,2,fp32,cuda,4,,"POWER9, altivec supported",128,4 x Tesla V100-SXM2-32GB,4,519.488,Linux-4.18.0-553.143.1.el8_10.ppc64le-ppc64le-with-glibc2.28,3.11.8,3.3.0,machine,United Kingdom,GBR,,,,N,2.1.2,12.2,cuda,Tesla V100-SXM2-32GB
v100x4,2026-09-09T08:08:45+00:00,training_epoch,ok,500.0,500000000,10.01602564102564,3.0,,222.2962606102228,0.0286881084456336,0.0063224247599025,0.0197837633269983,0.0025819203587326,102.40046678833389,321.2546173927627,42.0,0.0068159789974896,0.0573762168912672,0.0136319579949792,2.249250610997486,1.9990059583284168,1.9690892970829887,4.062791876351778,0.0855667734662239,0.0203297241410666,,,,,3,10000,5,0.0005,2048,5000,mambav1,64,2,fp32,cuda,4,,"POWER9, altivec supported",128,4 x Tesla V100-SXM2-32GB,4,519.488,Linux-4.18.0-553.143.1.el8_10.ppc64le-ppc64le-with-glibc2.28,3.11.8,3.3.0,machine,United Kingdom,GBR,,,,N,2.1.2,12.2,cuda,Tesla V100-SXM2-32GB
v100x4,2026-09-09T13:01:41+00:00,compression,ok,1000.0,1000000000,20.03205128205128,3.0,1.0,131.90027236845344,0.0240742500086008,0.0037530615347624,0.0187888086421139,0.0015323798317244,102.42892217089938,512.3755039838167,42.0,0.0057197769852934,0.0240742500086008,0.0057197769852934,7.581485481747722,,,,0.1717733904066422,0.0408114680533237,237548593.0,4.209665009466084,1.900388744,True,3,10000,5,0.0005,2048,5000,mambav1,64,2,fp32,cuda,4,131.894,"POWER9, altivec supported",128,4 x Tesla V100-SXM2-32GB,4,519.488,Linux-4.18.0-553.143.1.el8_10.ppc64le-ppc64le-with-glibc2.28,3.11.8,3.3.0,machine,United Kingdom,GBR,,,,N,2.1.2,12.2,cuda,Tesla V100-SXM2-32GB
v100x4,2026-09-09T13:01:41+00:00,decompression,ok,1000.0,1000000000,20.03205128205128,3.0,1.0,143.5037651443854,0.0256312261443472,0.0040824650339542,0.019881844238796,0.001666916871597,102.42855062775182,498.18063635897545,42.0,0.0060896973884093,0.0256312261443472,0.0060896973884093,6.968458276992638,,,,0.1717733904066422,0.0408114680533237,237548593.0,4.209665009466084,1.900388744,True,3,10000,5,0.0005,2048,5000,mambav1,64,2,fp32,cuda,4,143.503,"POWER9, altivec supported",128,4 x Tesla V100-SXM2-32GB,4,519.488,Linux-4.18.0-553.143.1.el8_10.ppc64le-ppc64le-with-glibc2.28,3.11.8,3.3.0,machine,United Kingdom,GBR,,,,N,2.1.2,12.2,cuda,Tesla V100-SXM2-32GB
v100x4,2026-09-09T12:41:50+00:00,training_epoch,ok,1000.0,1000000000,20.03205128205128,1.0,,444.91485342849046,0.0568780423667715,0.0126537534833204,0.039056574578538,0.0051677143049131,102.4004700263312,317.1540073541925,42.0,0.0135135972078788,0.0568780423667715,0.0135135972078788,2.247621072423302,2.162191168849327,2.0327111142889094,3.9356305693239593,0.0568780423667715,0.0135135972078788,,,,,3,10000,5,0.0005,2048,5000,mambav1,64,2,fp32,cuda,4,,"POWER9, altivec supported",128,4 x Tesla V100-SXM2-32GB,4,519.488,Linux-4.18.0-553.143.1.el8_10.ppc64le-ppc64le-with-glibc2.28,3.11.8,3.3.0,machine,United Kingdom,GBR,,,,N,2.1.2,12.2,cuda,Tesla V100-SXM2-32GB
v100x4,2026-09-09T12:49:15+00:00,training_epoch,ok,1000.0,1000000000,20.03205128205128,2.0,,444.81849782262,0.0574205006641563,0.0126500686804716,0.0396034639049673,0.0051669680787172,102.40047261342356,321.7134461596984,42.0,0.0136424793322962,0.0574205006641563,0.0136424793322962,2.248107947162686,1.9727552549117384,1.9212304465523091,4.163998136900327,0.1142985430309279,0.0271560765401751,,,,,3,10000,5,0.0005,2048,5000,mambav1,64,2,fp32,cuda,4,,"POWER9, altivec supported",128,4 x Tesla V100-SXM2-32GB,4,519.488,Linux-4.18.0-553.143.1.el8_10.ppc64le-ppc64le-with-glibc2.28,3.11.8,3.3.0,machine,United Kingdom,GBR,,,,N,2.1.2,12.2,cuda,Tesla V100-SXM2-32GB
v100x4,2026-09-09T12:56:41+00:00,training_epoch,ok,1000.0,1000000000,20.03205128205128,3.0,,444.7713169995696,0.0574748473757142,0.0126491026972099,0.0396595914498334,0.0051661532286709,102.4004768990702,322.1296568705821,42.0,0.0136553915131485,0.0574748473757142,0.0136553915131485,2.2483464238341786,1.88679142045562,1.8693749341938917,4.2795053328613,0.1717733904066422,0.0408114680533237,,,,,3,10000,5,0.0005,2048,5000,mambav1,64,2,fp32,cuda,4,,"POWER9, altivec supported",128,4 x Tesla V100-SXM2-32GB,4,519.488,Linux-4.18.0-553.143.1.el8_10.ppc64le-ppc64le-with-glibc2.28,3.11.8,3.3.0,machine,United Kingdom,GBR,,,,N,2.1.2,12.2,cuda,Tesla V100-SXM2-32GB
