run_label,timestamp_utc,codec,level,stage,status,size_MB,input_bytes,source_repeats,repeats_in_window,runtime_s,energy_kWh,cpu_kWh,gpu_kWh,ram_kWh,cpu_power_W,ram_power_W,emissions_kgCO2eq,energy_kWh_per_GB,emissions_kgCO2eq_per_GB,MB_per_s,compressed_bytes,compression_ratio,bits_per_byte,roundtrip_ok,cpu_model,cpu_count,ram_total_size,os,python_version,codecarbon_version,country_iso_code,energy_source
macbook-i5-8257u,2026-09-09T10:37:02+00:00,zstd,3,compression,ok,10.0,10000000,0.20032051282051283,20,0.08720857000007527,2.9033956471192166e-07,4.8080866795581985e-08,0.0,2.4225869791633966e-07,2.0097620385,10.0,6.898148684034074e-08,2.9033956471192167e-05,6.898148684034074e-06,114.66762956887572,4002253,2.4985926676799295,3.2018024,True,Intel(R) Core(TM) i5-8257U CPU @ 1.40GHz,8,8.0,macOS-15.7.7-x86_64-i386-64bit,3.12.0,3.3.0,GBR,"codecarbon (CPU power = TDP estimate on macOS, no RAPL)"
macbook-i5-8257u,2026-09-09T10:37:02+00:00,zstd,3,decompression,ok,10.0,10000000,0.20032051282051283,20,0.025537104300019563,9.108531306568535e-08,2.0104251537410194e-08,0.0,7.098106152827515e-08,2.756441706,10.0,2.1640868445963117e-08,9.108531306568534e-06,2.1640868445963115e-06,391.58707590791096,4002253,2.4985926676799295,3.2018024,True,Intel(R) Core(TM) i5-8257U CPU @ 1.40GHz,8,8.0,macOS-15.7.7-x86_64-i386-64bit,3.12.0,3.3.0,GBR,"codecarbon (CPU power = TDP estimate on macOS, no RAPL)"
macbook-i5-8257u,2026-09-09T10:37:10+00:00,zstd,3,compression,ok,25.0,25000000,0.500801282051282,15,0.19744719679971848,6.466520847204444e-07,9.818930972244486e-08,0.0,5.484627749979997e-07,1.9332989193750003,10.0,1.5363742215664568e-07,2.5866083388817775e-05,6.145496886265827e-06,126.61613031335598,10013779,2.4965599899897932,3.20440928,True,Intel(R) Core(TM) i5-8257U CPU @ 1.40GHz,8,8.0,macOS-15.7.7-x86_64-i386-64bit,3.12.0,3.3.0,GBR,"codecarbon (CPU power = TDP estimate on macOS, no RAPL)"
macbook-i5-8257u,2026-09-09T10:37:10+00:00,zstd,3,decompression,ok,25.0,25000000,0.500801282051282,20,0.05847529344973736,1.9677435460181866e-07,3.432004113017051e-08,0.0,1.6245431347164817e-07,1.896121068,10.0,4.67514221354915e-08,7.870974184072745e-06,1.8700568854196598e-06,427.53098830515205,10013779,2.4965599899897932,3.20440928,True,Intel(R) Core(TM) i5-8257U CPU @ 1.40GHz,8,8.0,macOS-15.7.7-x86_64-i386-64bit,3.12.0,3.3.0,GBR,"codecarbon (CPU power = TDP estimate on macOS, no RAPL)"
macbook-i5-8257u,2026-09-09T10:37:17+00:00,zstd,3,compression,ok,50.0,50000000,1.001602564102564,8,0.4050115954996727,1.3306989781252371e-06,2.0569052986250236e-07,0.0,1.1250084482627346e-06,1.8261972951000005,10.0,3.16159439513797e-07,2.661397956250474e-05,6.323188790275939e-06,123.45325555016215,20039729,2.495043720401608,3.20635664,True,Intel(R) Core(TM) i5-8257U CPU @ 1.40GHz,8,8.0,macOS-15.7.7-x86_64-i386-64bit,3.12.0,3.3.0,GBR,"codecarbon (CPU power = TDP estimate on macOS, no RAPL)"
macbook-i5-8257u,2026-09-09T10:37:17+00:00,zstd,3,decompression,ok,50.0,50000000,1.001602564102564,20,0.09659686235027039,3.1746806288708237e-07,4.9129333717632994e-08,0.0,2.6833872916944934e-07,1.7207343915,10.0,7.5426919593279e-08,6.349361257741647e-06,1.50853839186558e-06,517.6151562635102,20039729,2.495043720401608,3.20635664,True,Intel(R) Core(TM) i5-8257U CPU @ 1.40GHz,8,8.0,macOS-15.7.7-x86_64-i386-64bit,3.12.0,3.3.0,GBR,"codecarbon (CPU power = TDP estimate on macOS, no RAPL)"
macbook-i5-8257u,2026-09-09T10:37:24+00:00,zstd,3,compression,ok,100.0,100000000,2.003205128205128,4,0.8421905392497138,2.7658717642445894e-06,4.265783461978781e-07,0.0,2.339293418046711e-06,1.8119398479000002,10.0,6.571407065951078e-07,2.765871764244589e-05,6.571407065951077e-06,118.7379759562337,40081143,2.49493882946402,3.20649144,True,Intel(R) Core(TM) i5-8257U CPU @ 1.40GHz,8,8.0,macOS-15.7.7-x86_64-i386-64bit,3.12.0,3.3.0,GBR,"codecarbon (CPU power = TDP estimate on macOS, no RAPL)"
macbook-i5-8257u,2026-09-09T10:37:24+00:00,zstd,3,decompression,ok,100.0,100000000,2.003205128205128,16,0.188723632250003,6.170541759234778e-07,9.529759571457163e-08,0.0,5.217565802089061e-07,1.771698175125,10.0,1.4660528460348316e-07,6.170541759234777e-06,1.4660528460348316e-06,529.8753463346317,40081143,2.49493882946402,3.20649144,True,Intel(R) Core(TM) i5-8257U CPU @ 1.40GHz,8,8.0,macOS-15.7.7-x86_64-i386-64bit,3.12.0,3.3.0,GBR,"codecarbon (CPU power = TDP estimate on macOS, no RAPL)"
macbook-i5-8257u,2026-09-09T10:37:33+00:00,zstd,3,compression,ok,250.0,250000000,5.00801282051282,2,2.05702680000104,6.751335907096008e-06,1.037747659864302e-06,0.0,5.713588247231706e-06,1.8159449820000004,10.0,1.6040431468310334e-06,2.700534362838403e-05,6.4161725873241335e-06,121.53463435667129,100205868,2.4948638736406137,3.206587776,True,Intel(R) Core(TM) i5-8257U CPU @ 1.40GHz,8,8.0,macOS-15.7.7-x86_64-i386-64bit,3.12.0,3.3.0,GBR,"codecarbon (CPU power = TDP estimate on macOS, no RAPL)"
macbook-i5-8257u,2026-09-09T10:37:33+00:00,zstd,3,decompression,ok,250.0,250000000,5.00801282051282,7,0.4759473390004132,1.5625043199435663e-06,2.405001905741836e-07,0.0,1.3220041293693829e-06,1.7626226361000001,10.0,3.712338388710719e-07,6.250017279774265e-06,1.4849353554842877e-06,525.2681956895718,100205868,2.4948638736406137,3.206587776,True,Intel(R) Core(TM) i5-8257U CPU @ 1.40GHz,8,8.0,macOS-15.7.7-x86_64-i386-64bit,3.12.0,3.3.0,GBR,"codecarbon (CPU power = TDP estimate on macOS, no RAPL)"
macbook-i5-8257u,2026-09-09T10:37:44+00:00,zstd,3,compression,ok,500.0,500000000,10.01602564102564,1,4.122225139988586,1.3553186895300535e-05,2.1036545369334084e-06,0.0,1.1449532358367126e-05,1.8307674285,10.0,3.2200881212675585e-06,2.710637379060107e-05,6.440176242535117e-06,121.29371468570113,200413815,2.4948379930794693,3.20662104,True,Intel(R) Core(TM) i5-8257U CPU @ 1.40GHz,8,8.0,macOS-15.7.7-x86_64-i386-64bit,3.12.0,3.3.0,GBR,"codecarbon (CPU power = TDP estimate on macOS, no RAPL)"
macbook-i5-8257u,2026-09-09T10:37:44+00:00,zstd,3,decompression,ok,500.0,500000000,10.01602564102564,4,0.9160055232496234,3.010323021207674e-06,4.6594421565982807e-07,0.0,2.544378805547846e-06,2.1013369125000003,10.0,7.152196362857101e-07,6.020646042415348e-06,1.4304392725714201e-06,545.8482370566924,200413815,2.4948379930794693,3.20662104,True,Intel(R) Core(TM) i5-8257U CPU @ 1.40GHz,8,8.0,macOS-15.7.7-x86_64-i386-64bit,3.12.0,3.3.0,GBR,"codecarbon (CPU power = TDP estimate on macOS, no RAPL)"
macbook-i5-8257u,2026-09-09T10:38:03+00:00,zstd,3,compression,ok,1000.0,1000000000,20.03205128205128,1,8.554975538994768,2.8295645547048318e-05,4.534451194242377e-06,0.0,2.376119435280594e-05,1.9012549055999997,10.0,6.722734129877663e-06,2.8295645547048318e-05,6.722734129877663e-06,116.89104141114852,400830728,2.4948187106054402,3.206645824,True,Intel(R) Core(TM) i5-8257U CPU @ 1.40GHz,8,8.0,macOS-15.7.7-x86_64-i386-64bit,3.12.0,3.3.0,GBR,"codecarbon (CPU power = TDP estimate on macOS, no RAPL)"
macbook-i5-8257u,2026-09-09T10:38:03+00:00,zstd,3,decompression,ok,1000.0,1000000000,20.03205128205128,2,2.0342178415012313,6.778109225580245e-06,1.1278662005731366e-06,0.0,5.650243025007108e-06,1.925565486,10.0,1.6104041927963849e-06,6.778109225580245e-06,1.6104041927963849e-06,491.5894353094507,400830728,2.4948187106054402,3.206645824,True,Intel(R) Core(TM) i5-8257U CPU @ 1.40GHz,8,8.0,macOS-15.7.7-x86_64-i386-64bit,3.12.0,3.3.0,GBR,"codecarbon (CPU power = TDP estimate on macOS, no RAPL)"
macbook-i5-8257u,2026-09-09T10:38:21+00:00,lzma,6,compression,ok,10.0,10000000,0.20032051282051283,1,11.356686789993546,3.741306229462095e-05,5.729245205737255e-06,0.0,3.16838170888837e-05,1.7873660095384616,10.0,8.888932057516696e-06,0.0037413062294620945,0.0008888932057516696,0.8805385043119326,3103588,3.222077157148436,2.4828704,True,Intel(R) Core(TM) i5-8257U CPU @ 1.40GHz,8,8.0,macOS-15.7.7-x86_64-i386-64bit,3.12.0,3.3.0,GBR,"codecarbon (CPU power = TDP estimate on macOS, no RAPL)"
macbook-i5-8257u,2026-09-09T10:38:21+00:00,lzma,6,decompression,ok,10.0,10000000,0.20032051282051283,8,0.4199529721245199,1.3822401516132499e-06,2.157424318181623e-07,0.0,1.1664977197950874e-06,1.7818386657,10.0,3.284050553816404e-07,0.000138224015161325,3.284050553816404e-05,23.812190087405572,3103588,3.222077157148436,2.4828704,True,Intel(R) Core(TM) i5-8257U CPU @ 1.40GHz,8,8.0,macOS-15.7.7-x86_64-i386-64bit,3.12.0,3.3.0,GBR,"codecarbon (CPU power = TDP estimate on macOS, no RAPL)"
macbook-i5-8257u,2026-09-09T10:38:54+00:00,lzma,6,compression,ok,25.0,25000000,0.500801282051282,1,29.40089493499545,9.708142444069177e-05,1.5425000437929443e-05,0.0,8.165642400276235e-05,1.8860629612258064,10.0,2.3065478551439517e-05,0.0038832569776276705,0.0009226191420575806,0.850314252517629,7727236,3.2353094948827756,2.47271552,True,Intel(R) Core(TM) i5-8257U CPU @ 1.40GHz,8,8.0,macOS-15.7.7-x86_64-i386-64bit,3.12.0,3.3.0,GBR,"codecarbon (CPU power = TDP estimate on macOS, no RAPL)"
macbook-i5-8257u,2026-09-09T10:38:54+00:00,lzma,6,decompression,ok,25.0,25000000,0.500801282051282,3,1.014773330335932,3.320196444186112e-06,5.105753302930573e-07,0.0,2.8096211138930548e-06,1.7377728303750002,10.0,7.888421529777342e-07,0.00013280785776744448,3.155368611910937e-05,24.636043589876333,7727236,3.2353094948827756,2.47271552,True,Intel(R) Core(TM) i5-8257U CPU @ 1.40GHz,8,8.0,macOS-15.7.7-x86_64-i386-64bit,3.12.0,3.3.0,GBR,"codecarbon (CPU power = TDP estimate on macOS, no RAPL)"
macbook-i5-8257u,2026-09-09T10:39:58+00:00,lzma,6,compression,ok,50.0,50000000,1.001602564102564,1,60.129180627001915,0.00019948151819656638,3.2481070866056787e-05,0.0,0.00016700044733050965,1.9421870758770494,10.0,4.739461442680401e-05,0.003989630363931327,0.0009478922885360802,0.8315430125376887,15431676,3.240088762879677,2.46906816,True,Intel(R) Core(TM) i5-8257U CPU @ 1.40GHz,8,8.0,macOS-15.7.7-x86_64-i386-64bit,3.12.0,3.3.0,GBR,"codecarbon (CPU power = TDP estimate on macOS, no RAPL)"
macbook-i5-8257u,2026-09-09T10:39:58+00:00,lzma,6,decompression,ok,50.0,50000000,1.001602564102564,2,2.068013730502571,6.8521277263151225e-06,1.1082234735020406e-06,0.0,5.743904252813082e-06,2.14015584075,10.0,1.6279901743674836e-06,0.00013704255452630243,3.255980348734967e-05,24.177789181239596,15431676,3.240088762879677,2.46906816,True,Intel(R) Core(TM) i5-8257U CPU @ 1.40GHz,8,8.0,macOS-15.7.7-x86_64-i386-64bit,3.12.0,3.3.0,GBR,"codecarbon (CPU power = TDP estimate on macOS, no RAPL)"
macbook-i5-8257u,2026-09-09T10:42:03+00:00,lzma,6,compression,ok,100.0,100000000,2.003205128205128,1,119.94838579099451,0.00039716739131753526,6.40319517123029e-05,0.0,0.00033313543960523224,1.9218103013057855,10.0,9.436260333574188e-05,0.003971673913175352,0.0009436260333574188,0.8336919195748594,30837936,3.2427591781758673,2.46703488,True,Intel(R) Core(TM) i5-8257U CPU @ 1.40GHz,8,8.0,macOS-15.7.7-x86_64-i386-64bit,3.12.0,3.3.0,GBR,"codecarbon (CPU power = TDP estimate on macOS, no RAPL)"
macbook-i5-8257u,2026-09-09T10:42:03+00:00,lzma,6,decompression,ok,100.0,100000000,2.003205128205128,1,4.450621874988428,1.5311047889597025e-05,2.9488451146713105e-06,0.0,1.2362202774925716e-05,2.5713422925000002,10.0,3.6377365570414676e-06,0.00015311047889597025,3.637736557041467e-05,22.468770164901954,30837936,3.2427591781758673,2.46703488,True,Intel(R) Core(TM) i5-8257U CPU @ 1.40GHz,8,8.0,macOS-15.7.7-x86_64-i386-64bit,3.12.0,3.3.0,GBR,"codecarbon (CPU power = TDP estimate on macOS, no RAPL)"
macbook-i5-8257u,2026-09-09T10:47:16+00:00,lzma,6,compression,ok,250.0,250000000,5.00801282051282,1,300.98592002899386,0.000987082528803795,0.00015114109948655052,0.0,0.0008359414293172453,1.8076824026175484,10.0,0.00023451995093596485,0.00394833011521518,0.0009380798037438594,0.8306036374589136,77056632,3.2443670779693563,2.465812224,True,Intel(R) Core(TM) i5-8257U CPU @ 1.40GHz,8,8.0,macOS-15.7.7-x86_64-i386-64bit,3.12.0,3.3.0,GBR,"codecarbon (CPU power = TDP estimate on macOS, no RAPL)"
macbook-i5-8257u,2026-09-09T10:47:16+00:00,lzma,6,decompression,ok,250.0,250000000,5.00801282051282,1,10.238983104005456,3.2856458041420234e-05,4.418660908118728e-06,0.0,2.8437797133301508e-05,1.54890543525,10.0,7.806333009602992e-06,0.00013142583216568094,3.122533203841197e-05,24.416487209769965,77056632,3.2443670779693563,2.465812224,True,Intel(R) Core(TM) i5-8257U CPU @ 1.40GHz,8,8.0,macOS-15.7.7-x86_64-i386-64bit,3.12.0,3.3.0,GBR,"codecarbon (CPU power = TDP estimate on macOS, no RAPL)"
macbook-i5-8257u,2026-09-09T10:57:36+00:00,lzma,6,compression,ok,500.0,500000000,10.01602564102564,1,596.5956094819994,0.001920331815374573,0.00026337604868850804,0.0,0.0016569557666860617,1.589216890837248,10.0,0.0004562497156830294,0.003840663630749146,0.0009124994313660588,0.8380886350037514,154085932,3.2449425687998565,2.465374912,True,Intel(R) Core(TM) i5-8257U CPU @ 1.40GHz,8,8.0,macOS-15.7.7-x86_64-i386-64bit,3.12.0,3.3.0,GBR,"codecarbon (CPU power = TDP estimate on macOS, no RAPL)"
macbook-i5-8257u,2026-09-09T10:57:36+00:00,lzma,6,decompression,ok,500.0,500000000,10.01602564102564,1,20.02572268799122,6.417356756061732e-05,8.553893466211183e-06,0.0,5.561967409440613e-05,1.5460062102857146,10.0,1.5246933743159508e-05,0.00012834713512123463,3.0493867486319016e-05,24.96788794043542,154085932,3.2449425687998565,2.465374912,True,Intel(R) Core(TM) i5-8257U CPU @ 1.40GHz,8,8.0,macOS-15.7.7-x86_64-i386-64bit,3.12.0,3.3.0,GBR,"codecarbon (CPU power = TDP estimate on macOS, no RAPL)"
macbook-i5-8257u,2026-09-09T11:18:30+00:00,lzma,6,compression,ok,1000.0,1000000000,20.03205128205128,1,1205.9774318379932,0.003890741478058496,0.0005413464270134443,0.0,0.0033493950510450547,1.6159860826831371,10.0,0.00092439737703044,0.003890741478058496,0.00092439737703044,0.8292029134209673,308145004,3.2452254199130226,2.465160032,True,Intel(R) Core(TM) i5-8257U CPU @ 1.40GHz,8,8.0,macOS-15.7.7-x86_64-i386-64bit,3.12.0,3.3.0,GBR,"codecarbon (CPU power = TDP estimate on macOS, no RAPL)"
macbook-i5-8257u,2026-09-09T11:18:30+00:00,lzma,6,decompression,ok,1000.0,1000000000,20.03205128205128,1,41.818328271998325,0.00013440114071215303,1.825460827328298e-05,0.0,0.00011614653243887005,1.57057002244186,10.0,3.1932232620659726e-05,0.00013440114071215303,3.1932232620659726e-05,23.91295973133395,308145004,3.2452254199130226,2.465160032,True,Intel(R) Core(TM) i5-8257U CPU @ 1.40GHz,8,8.0,macOS-15.7.7-x86_64-i386-64bit,3.12.0,3.3.0,GBR,"codecarbon (CPU power = TDP estimate on macOS, no RAPL)"
